DATA PUBLICAÇÃO;EDITORIA/COLUNISTA;FORMATO;ATIVIDADE;LINK MATERIA;NOME;;
01/12/2023;Coordenação;PROGRAMAÇÃO;SIMULADOR;https://gauchazh.clicrbs.com.br/esportes/brasileirao/noticia/2023/12/simulador-do-brasileirao-2023-clpk64kgb003i014lxi3c0a9g.html;Simulador Brasileirão 2023;;
11/12/2023;Esporte;PROGRAMAÇÃO;MAPA INTERATIVO;https://gauchazh.clicrbs.com.br/esportes/gremio/noticia/2023/12/como-foi-a-festa-da-chegada-do-gremio-campeao-mundial-em-1983-clpx2aczj003b0170yamclrwy.html;Festa da chegada do Grêmio campeão mundial em 1983;;
11/12/2023;Coordenação;PROGRAMAÇÃO;QUIZ;https://gauchazh.clicrbs.com.br/educacao/noticia/2023/12/voce-ganharia-r-1-milhao-faca-o-quiz-de-quem-quer-ser-um-milionario-clq14hx7z001z011wefltk4b9.html;"""Quem Quer Ser Um Milionário?""";;
19/12/2023;Coordenação;PROGRAMAÇÃO;CALCULADORA;https://gauchazh.clicrbs.com.br/economia/noticia/2023/12/veja-na-calculadora-o-que-vale-mais-a-pena-entre-comprar-um-carro-ou-assinar-clqbct42d003w013yhuh5zwi8.html;Comprar ou assinar um carro?;;
19/12/2023;Economia;PROGRAMAÇÃO;CALCULADORA;https://gauchazh.clicrbs.com.br/economia/noticia/2023/12/assinatura-de-carros-leva-locadoras-a-ter-maior-frota-da-historia-saiba-como-funciona-e-calcule-as-condicoes-clqbbz83y003c015eh5evk5ao.html;"Assinatura de carros leva locadoras a ter maior frota da história; saiba como funciona e calcule as condições";;
20/12/2023;Saúde;PROGRAMAÇÃO;CALCULADORA;https://gauchazh.clicrbs.com.br/saude/noticia/2023/12/quanta-agua-devo-beber-por-dia-calculadora-de-gzh-estima-quantidade-clqczv3220059013u66ktggpr.html#:~:text=Organiza%C3%A7%C3%A3o%20Mundial%20da%20Sa%C3%BAde%20(OMS,do%20l%C3%ADquido%20para%20cada%20quilo&text=O%20consumo%20de%20%C3%A1gua%20%C3%A9%20essencial%20para%20o%20funcionamento%20do%20corpo%20humano;Quanta água devo beber por dia?;;
27/12/2023;Coordenação;PROGRAMAÇÃO;CALCULADORA;https://gauchazh.clicrbs.com.br/economia/noticia/2023/12/como-parcelar-o-ipva-em-2024-calculadora-simula-valor-de-parcelas-clqdxywrx001k013yjfbqjy4w.html;Simular valor de parcelas IPVA 2024;;
28/12/2023;Porto Alegre;PROGRAMAÇÃO;CALCULADORA;https://gauchazh.clicrbs.com.br/porto-alegre/noticia/2023/12/iptu-2024-simule-valores-do-imposto-em-porto-alegre-clqpo9qdc004w013qkwazpr7x.html;Simule valores do IPTU em Porto Alegre;;
09/01/2024;Cultura;PROGRAMAÇÃO;QUIZ;https://gauchazh.clicrbs.com.br/cultura-e-lazer/tv/noticia/2024/01/qual-vencedor-do-bbb-voce-e-clr1837si005g015c9gfvpwb2.html;Qual vencedor do BBB você é?;;
10/01/2024;Esporte;PROGRAMAÇÃO;QUIZ;https://gauchazh.clicrbs.com.br/esportes/gauchao/noticia/2024/01/voce-conhece-as-casas-do-gauchao-entre-no-quiz-e-participe-clr5el924004s0147a7lts41a.html;Você conhece as casas do Gauchão?;;
13/01/2024;Esporte;PROGRAMAÇÃO;QUIZ;https://gauchazh.clicrbs.com.br/colunistas/guerrinha/noticia/2024/01/qual-vai-ser-o-time-do-gremio-na-estreia-do-gauchao-clrb61eap005b01426ynvrt5c.html;Qual vai ser o time do Grêmio na estreia do Gauchão?;;
15/01/2024;Coordenação;PROGRAMAÇÃO;CALCULADORA;https://gauchazh.clicrbs.com.br/economia/noticia/2024/01/calcule-quanto-voce-gasta-do-seu-salario-com-as-despesas-de-inicio-de-ano-clrf6yiwa003c013xv158e5nz.html;Despesas de início de ano;;
15/01/2024;Comportamento;PROGRAMAÇÃO;SIMULADOR;https://gauchazh.clicrbs.com.br/educacao/enem/noticia/2024/01/simulador-do-sisu-veja-quais-as-suas-chances-de-entrar-no-curso-dos-sonhos-clrf6rh4j003b01500adnckcu.html;Simulador do Sisu 2024;;
15/01/2024;Esporte;PROGRAMAÇÃO;QUIZ;https://gauchazh.clicrbs.com.br/colunistas/pedro-ernesto-denardin/noticia/2024/01/o-gauchao-2024-sera-diferenciado-veja-video-clrf9w1gd003v013xg0rduwbk.html;"O Gauchão 2024 será diferenciado; veja vídeo";;
17/01/2024;Educação;PROGRAMAÇÃO;CALCULADORA;https://gauchazh.clicrbs.com.br/educacao/educacao-basica/noticia/2024/01/quantos-quilos-meu-filho-pode-carregar-calculadora-estima-peso-ideal-da-mochila-clr6eqgso001a014sedj7xqbw.html;Quantos quilos meu filho pode carregar?;;
18/01/2024;Esporte;PROGRAMAÇÃO;QUIZ;https://gauchazh.clicrbs.com.br/esportes/gauchao/noticia/2024/01/qual-desses-10-clubes-do-gauchao-tem-mais-a-ver-com-voce-clri16yaz003i01501x2vx51i.html;Qual desses 10 clubes do Gauchão tem mais a ver com você?;;
02/02/2024;Esporte;PROGRAMAÇÃO;QUIZ;https://gauchazh.clicrbs.com.br/esportes/gauchao/noticia/2024/02/lembra-de-todos-os-artilheiros-do-gauchao-desde-1961-faca-o-teste-e-descubra-cls3jn99k002n015bhpsy221l.html;Lembra de todos os artilheiros do Gauchão desde 1961?;;
02/02/2024;Ambiente;PROGRAMAÇÃO;MAPA INTERATIVO;https://gauchazh.clicrbs.com.br/ambiente/noticia/2024/02/confira-as-regioes-e-cidades-do-rs-com-mais-registros-de-desastres-naturais-nos-ultimos-32-anos-clrtjty050030015ni9078b60.html;Confira as regiões do RS com registros de desastres naturais;;
08/02/2024;Economia;PROGRAMAÇÃO;CALCULADORA;https://gauchazh.clicrbs.com.br/economia/noticia/2024/02/saque-aniversario-do-fgts-calcule-quanto-voce-pode-receber-cls3arojb001k015b13zs0whd.html;Saque-aniversário do FGTS;;
13/02/2024;Esporte;PROGRAMAÇÃO;QUIZ;https://gauchazh.clicrbs.com.br/esportes/noticia/2024/02/champions-league-e-futebol-gaucho-teste-o-que-voce-sabe-sobre-essa-relacao-clsj7bkhb004s017xuuz7z4b1.html;Champions League e futebol gaúcho?;;
13/02/2024;Saúde;PROGRAMAÇÃO;MAPA INTERATIVO;https://gauchazh.clicrbs.com.br/saude/noticia/2024/02/em-mapa-veja-qual-a-situacao-da-dengue-na-sua-cidade-clskc9g0f001c017xvw50oixr.html;Veja qual a situação da dengue na sua cidade;;
16/02/2024;Economia;PROGRAMAÇÃO;CALCULADORA;https://gauchazh.clicrbs.com.br/economia/noticia/2024/02/calcule-quanto-sera-cobrado-de-ir-sobre-seu-salario-com-mudanca-na-faixa-de-isencao-clsoxl2z1004p017xj358e8so.html;Calcule quanto será cobrado de IR sobre seu salário com mudança na faixa de isenção;;
21/02/2024;Esporte;PROGRAMAÇÃO;SIMULADOR;https://gauchazh.clicrbs.com.br/esportes/gremio/noticia/2024/02/escale-o-time-do-gremio-para-o-gre-nal-441-clsutyumn008x017yl7l3t4kz.html;Escale o time do Grêmio para o Gre-Nal 441;;
21/02/2024;Esporte;PROGRAMAÇÃO;SIMULADOR;https://gauchazh.clicrbs.com.br/esportes/inter/noticia/2024/02/escale-o-time-do-inter-para-o-gre-nal-441-clsuurljv009k017ym5f3r7dh.html;Escale o time do Inter para o Gre-Nal 441;;
28/02/2024;Economia;PROGRAMAÇÃO;CALCULADORA;https://gauchazh.clicrbs.com.br/economia/noticia/2024/02/calculadora-do-saldo-do-fgts-saiba-quanto-voce-podera-receber-clskc44nb0015014l1j7kik8x.html;Calculadora do saldo do FGTS;;
01/03/2024;Esporte;PROGRAMAÇÃO;INFOGRAFICO;https://gauchazh.clicrbs.com.br/esportes/automobilismo/noticia/2024/03/guia-da-formula-1-saiba-quais-sao-as-equipes-e-os-pilotos-da-temporada-2024-clt65x4c2008c01911x4oato6.html;Guia da Fórmula 1;;
04/03/2024;Esporte;PROGRAMAÇÃO;INFOGRAFICO;https://gauchazh.clicrbs.com.br/esportes/olimpiada/noticia/2024/03/a-relacao-investimento-e-conquista-de-medalhas-nos-paises-sedes-dos-jogos-olimpicos-clsz6s60g00cl017y2pxn0zm5.html;Galeria de gráficos de barra dos países sede medalhistas olímpicos;;
04/03/2024;TV;PROGRAMAÇÃO;QUIZ;https://gauchazh.clicrbs.com.br/especiais/quiz-filme-sessao-da-tarde-2024/index.html?EW=700&EH=500&EI=EnterIframeMan_1709577417219_04379002871939188&chamador=https://gauchazh.clicrbs.com.br/cultura-e-lazer/tv/noticia/2024/03/quiz-com-qual-classico-da-sessao-da-tarde-voce-mais-se-identifica-cltd9h3et005u0161uawc4hh9.html;"Com qual clássico da ""Sessão da Tarde"" você mais se identifica?";;
04/03/2024;Economia;PROGRAMAÇÃO;CALCULADORA;https://gauchazh.clicrbs.com.br/economia/noticia/2024/03/qual-o-prazo-para-declarar-o-imposto-de-renda-em-2024-cltczh42y00150161upq81xrk.html;Qual o prazo para declarar o Imposto de Renda em 2024?;;
05/03/2024;Porto Alegre;PROGRAMAÇÃO;INFOGRAFICO;https://gauchazh.clicrbs.com.br/porto-alegre/noticia/2024/03/atropelamento-e-a-principal-causa-de-mortes-no-transito-de-porto-alegre-e-maior-parte-das-vitimas-e-idosa-cltejp9m1004q0161jhlqjswy.html;Tipos de acidentes fatais de trânsito em Porto Alegre - 2019 a 2023;;
05/03/2024;Porto Alegre;PROGRAMAÇÃO;INFOGRAFICO;https://gauchazh.clicrbs.com.br/porto-alegre/noticia/2024/03/atropelamento-e-a-principal-causa-de-mortes-no-transito-de-porto-alegre-e-maior-parte-das-vitimas-e-idosa-cltejp9m1004q0161jhlqjswy.html;Faixa etária das vítimas de atropelamento em Porto Alegre - 2019 a 2023;;
05/03/2024;Porto Alegre;PROGRAMAÇÃO;MAPA INTERATIVO;https://gauchazh.clicrbs.com.br/porto-alegre/noticia/2024/03/mapa-as-ruas-e-avenidas-de-porto-alegre-onde-aconteceram-acidentes-com-morte-nos-ultimos-cinco-anos-clsnntg0100a2017xtcnzziew.html;MAPA: as ruas e avenidas de Porto Alegre onde aconteceram acidentes com morte nos últimos cinco anos;;
06/03/2024;Economia;PROGRAMAÇÃO;CALCULADORA;https://gauchazh.clicrbs.com.br/economia/noticia/2024/03/quem-precisa-declarar-o-imposto-de-renda-em-2024-cltg3oqzg005y0161e91qumpm.html;Quem precisa declarar o Imposto de Renda em 2024?;;
06/03/2024;Economia;PROGRAMAÇÃO;CALCULADORA;https://gauchazh.clicrbs.com.br/economia/noticia/2024/03/calendario-de-restituicao-do-imposto-de-renda-2024-e-divulgado-pela-receita-cltfz18ug003z01987pqus1qj.html;Calendário de restituição do Imposto de Renda 2024 é divulgado pela Receita;;
07/03/2024;Cultura;PROGRAMAÇÃO;BUSCADOR;https://gauchazh.clicrbs.com.br/cultura-e-lazer/cinema/noticia/2024/03/qual-foi-o-vencedor-do-oscar-de-melhor-filme-no-ano-em-que-voce-nasceu-clthas5zl002x0161vsf0wadk.html;Qual foi o vencedor do Oscar de melhor filme no ano em que você nasceu?;;
08/03/2024;Saúde;PROGRAMAÇÃO;SIMULADOR;https://gauchazh.clicrbs.com.br/saude/noticia/2024/03/cartilha-ajuda-a-identificar-atrasos-no-desenvolvimento-infantil-veja-habilidades-esperadas-para-cada-faixa-etaria-cltghg22i003j0161k255lcce.html;Cartilha ajuda a identificar atrasos no desenvolvimento infantil;;
11/03/2024;Saúde;PROGRAMAÇÃO;SIMULADOR;https://gauchazh.clicrbs.com.br/saude/noticia/2024/03/ferramenta-interativa-mostra-os-sinais-esperados-de-desenvolvimento-da-crianca-em-cada-idade-consulte-cltn827j80053014ak8hkhl58.html;"Ferramenta interativa mostra os sinais esperados de desenvolvimento da criança em cada idade;";;
11/03/2024;Saúde;PROGRAMAÇÃO;QUIZ;https://gauchazh.clicrbs.com.br/saude/noticia/2024/03/dificuldade-de-concentracao-e-falta-de-controle-saiba-como-tratar-o-disturbio-do-jogo-dependencia-reconhecida-pela-oms-cltnbpuqs0076014aaceytgk8.html;Saiba como tratar o distúrbio do jogo, dependência reconhecida pela OMS;;
11/03/2024;Saúde;PROGRAMAÇÃO;QUIZ;https://gauchazh.clicrbs.com.br/saude/noticia/2024/03/quiz-descubra-se-voce-esta-passando-dos-limites-do-tempo-gasto-em-jogos-online-cltncqclr006r017rbab4ex0x.html;Descubra se você está passando dos limites do tempo gasto em jogos online;;
15/03/2024;Economia;PROGRAMAÇÃO;CALCULADORA;https://gauchazh.clicrbs.com.br/economia/noticia/2024/03/mei-precisa-declarar-imposto-de-renda-calculadora-ajuda-a-responder-cltn06618001s017r5qxa6xv7.html#:~:text=15%2F03%2F2024%20%2D%2004h00min&text=O%20Microempreendedor%20Individual%20(MEI)%20n%C3%A3o,nos%20crit%C3%A9rios%20para%20esta%20obrigatoriedade.;MEI precisa declarar Imposto de Renda?;;
15/03/2024;Esporte;PROGRAMAÇÃO;SIMULADOR;https://gauchazh.clicrbs.com.br/esportes/noticia/2024/03/com-o-fechamento-da-janela-monte-as-escalacoes-ideais-de-gremio-e-inter-cltrroiiz00dw017rgoh3d7dk.html;Monte as escalações ideais de Grêmio e Inter;;
25/03/2024;Porto Alegre;PROGRAMAÇÃO;QUIZ;https://gauchazh.clicrbs.com.br/porto-alegre/noticia/2024/03/quiz-o-quao-porto-alegrense-tu-es-clu70gxi90022019m9edlxv0u.html;O quão porto-alegrense tu és?;;
08/04/2024;Educação;PROGRAMAÇÃO;BUSCADOR;https://gauchazh.clicrbs.com.br/educacao/ensino-superior/noticia/2024/04/rs-tem-o-maior-numero-de-instituicoes-da-historia-com-nota-maxima-em-avaliacao-do-mec-saiba-quais-clurf1gco0082012js1mbp8lo.html;RS tem o maior número de instituições da história com nota máxima em avaliação do MEC;;
08/04/2024;Educação;PROGRAMAÇÃO;BUSCADOR;https://gauchazh.clicrbs.com.br/educacao/ensino-superior/noticia/2024/04/veja-em-buscador-como-se-saiu-cada-instituicao-do-rs-em-avaliacao-do-mec-clurh153700e7013fozh94b2a.html;Veja em buscador como se saiu cada instituição do RS em avaliação do MEC;;
11/04/2024;Saúde;PROGRAMAÇÃO;SIMULADOR;https://gauchazh.clicrbs.com.br/saude/noticia/2024/04/simulador-veja-os-sinais-de-alerta-para-a-dengue-e-qual-a-sua-classificacao-de-risco-em-caso-de-suspeita-cluvk5js701m2013fjpbaz2p6.html;Veja os sinais de alerta para a dengue e qual a sua classificação de risco em caso de suspeita;;
12/04/2024;Esporte;PROGRAMAÇÃO;INFOGRAFICO;https://gauchazh.clicrbs.com.br/esportes/brasileirao/noticia/2024/04/quem-briga-por-titulo-libertadores-sul-americana-e-contra-o-rebaixamento-no-brasileirao-cluwlu9v801qx012jzncd20uk.html;Quem briga por título, Libertadores, Sul-Americana e contra o rebaixamento no Brasileirão;;
12/04/2024;Saúde;PROGRAMAÇÃO;SIMULADOR;https://gauchazh.clicrbs.com.br/saude/noticia/2024/04/recorde-de-mortes-e-casos-de-dengue-gera-alerta-conheca-causas-sintomas-medidas-de-prevencao-e-testes-possiveis-clux5gszo023j012je0uno5dw.html;"Recorde de mortes e casos de dengue gera alerta; conheça causas, sintomas, medidas de prevenção e testes possíveis";;
19/04/2024;Comportamento;PROGRAMAÇÃO;QUIZ;https://gauchazh.clicrbs.com.br/comportamento/noticia/2024/04/quiz-faz-o-teste-e-descobre-em-qual-perfil-de-gaucho-tu-te-encaixas-clv5ou2od01pg013wucqiuui2.html;Quiz: faz o teste e descobre em qual perfil de gaúcho tu te encaixas;;
20/04/2024;Saúde;PROGRAMAÇÃO;QUIZ;https://gauchazh.clicrbs.com.br/saude/noticia/2024/04/quiz-saiba-se-voce-e-matutino-vespertino-ou-intermediario-clv76x79g02c9013wij2jwkxl.html;Quiz: saiba se você é matutino, vespertino ou intermediário;;
23/04/2024;Educação;PROGRAMAÇÃO;BUSCADOR;https://gauchazh.clicrbs.com.br/educacao/ensino-superior/noticia/2024/04/inep-altera-calculo-e-ufrgs-e-considerada-a-melhor-universidade-federal-do-pais-clvcuie0n00be013vv9uuw011.html;Inep altera cálculo e UFRGS é considerada a melhor universidade federal do país;;
24/04/2024;Comportamento;PROGRAMAÇÃO;QUIZ;https://gauchazh.clicrbs.com.br/comportamento/noticia/2024/04/quem-voce-e-no-churrasco-responda-o-quiz-e-descubra-clve7m6hi001t01g30ncbpc5v.html;Quem você é no churrasco? Responda o quiz e descubra;;
24/04/2024;Saúde;PROGRAMAÇÃO;INFOGRAFICO;https://gauchazh.clicrbs.com.br/saude/noticia/2024/04/pela-primeira-vez-na-historia-rs-ultrapassa-cem-mortes-por-dengue-no-mesmo-ano-clveb95h300rh013v3f9ca3hh.html;Pela primeira vez na história, RS ultrapassa cem mortes por dengue no mesmo ano;;
26/04/2024;Esporte;PROGRAMAÇÃO;SIMULADOR;https://gauchazh.clicrbs.com.br/esportes/brasileirao/noticia/2024/04/simulador-do-brasileirao-2024-clvfbduoe00y8013vathczqbu.html;Simulador do Brasileirão 2024;;
01/05/2024;Esporte;PROGRAMAÇÃO;QUIZ;https://gauchazh.clicrbs.com.br/esportes/automobilismo/noticia/2024/05/o-que-voce-sabe-sobre-a-carreira-de-ayrton-senna-faca-o-quiz-e-descubra-clvo6c7el002e01bfiqemtkpc.html;O que você sabe sobre a carreira de Ayrton Senna? Faça o quiz e descubra;;
02/05/2024;Cultura;PROGRAMAÇÃO;QUIZ;https://gauchazh.clicrbs.com.br/cultura-e-lazer/musica/noticia/2024/05/quiz-voce-sabe-tudo-sobre-a-madonna-teste-seus-conhecimentos-clvplsdcr019y014a51y4k67x.html;Quiz: você sabe tudo sobre a Madonna? Teste seus conhecimentos;;
03/05/2024;Porto Alegre;PROGRAMAÇÃO;MAPA INTERATIVO;https://gauchazh.clicrbs.com.br/porto-alegre/noticia/2024/05/hidrologos-pedem-que-porto-alegre-prepare-evacuacao-veja-como-seria-inundacao-clvqsldrv022l011w51s0vgfk.html;"Hidrólogos pedem que Porto Alegre prepare evacuação; veja como seria inundação";;
07/05/2024;Trânsito;PROGRAMAÇÃO;MAPA INTERATIVO;https://gauchazh.clicrbs.com.br/transito/noticia/2024/05/mapa-como-transitar-entre-porto-alegre-e-cidades-da-regiao-metropolitana-clvvfyi2a007p0152odm00qyy.html;MAPA: como transitar entre Porto Alegre e cidades da Região Metropolitana;;
07/05/2024;Geral;PROGRAMAÇÃO;MAPA INTERATIVO;https://gauchazh.clicrbs.com.br/geral/noticia/2024/05/saiba-quais-areas-devem-ser-evacuadas-por-inundacao-em-pelotas-clvwjivxn003u0152p6w3m6ws.html;Saiba quais áreas devem ser evacuadas por inundação em Pelotas;;
07/05/2024;Geral;PROGRAMAÇÃO;MAPA INTERATIVO;https://gauchazh.clicrbs.com.br/geral/noticia/2024/05/a-via-crucis-de-seis-horas-a-mais-do-que-o-usual-para-viajar-dos-vales-ate-porto-alegre-clvwv80is004y01520h5fmquw.html;A via-crúcis de seis horas a mais do que o usual para viajar dos vales até Porto Alegre;;
08/05/2024;Esporte;PROGRAMAÇÃO;GALERIA;https://gauchazh.clicrbs.com.br/esportes/gremio/noticia/2024/05/fotos-arena-do-gremio-e-entorno-antes-e-depois-da-enchente-clvxwyjwj00h2011hn3xbnsxr.html;FOTOS: Arena do Grêmio e entorno antes e depois da enchente;;
08/05/2024;Esporte;PROGRAMAÇÃO;GALERIA;https://gauchazh.clicrbs.com.br/esportes/inter/noticia/2024/05/fotos-beira-rio-e-entorno-antes-e-depois-da-enchente-clvxxw6st00bj0152270tfq3j.html;FOTOS: Beira-Rio e entorno antes e depois da enchente;;
08/05/2024;Porto Alegre;PROGRAMAÇÃO;MAPA INTERATIVO;https://gauchazh.clicrbs.com.br/porto-alegre/noticia/2024/05/mapa-veja-onde-estao-os-bloqueios-e-quais-sao-as-principais-vias-livres-em-porto-alegre-clvwunzks004p0152sy5mdr8n.html;MAPA: veja onde estão os bloqueios e quais são as principais vias livres em Porto Alegre;;
10/05/2024;Geral;PROGRAMAÇÃO;INFOGRAFICO;https://gauchazh.clicrbs.com.br/geral/noticia/2024/05/em-grafico-veja-como-foi-o-avanco-do-guaiba-sobre-porto-alegre-clw0tuxpj00lb011hvcc9dsdd.html;Em gráfico, veja como foi o avanço do Guaíba sobre Porto Alegre;;
14/05/2024;Esporte;PROGRAMAÇÃO;GALERIA;https://gauchazh.clicrbs.com.br/esportes/inter/noticia/2024/05/grafico-a-inundacao-do-beira-rio-em-tres-momentos-clw6pevqa0014014euytwyual.html;GRÁFICO: a inundação do Beira-Rio em três momentos;;
14/05/2024;Esporte;PROGRAMAÇÃO;GALERIA;https://gauchazh.clicrbs.com.br/esportes/gremio/noticia/2024/05/grafico-a-inundacao-da-arena-do-gremio-em-tres-momentos-clw6pt1ll001d01485qojh327.html;GRÁFICO: a inundação da Arena do Grêmio em três momentos;;
15/05/2024;Porto Alegre;PROGRAMAÇÃO;INFOGRAFICO;https://gauchazh.clicrbs.com.br/porto-alegre/noticia/2024/05/entenda-o-que-sao-casas-de-bombas-estacoes-de-tratamento-e-de-bombeamento-de-agua-clw834n3q00ar0148am9znldr.html;Entenda o que são casas de bombas, estações de tratamento e de bombeamento de água;;
15/05/2024;Porto Alegre;PROGRAMAÇÃO;INFOGRAFICO;https://gauchazh.clicrbs.com.br/porto-alegre/noticia/2024/05/apos-12-dias-estacao-de-tratamento-de-agua-do-moinhos-de-vento-e-religada-clw83ee1400bj014ee63gi1ho.html;Após 12 dias, estação de tratamento de água do Moinhos de Vento é religada;;
17/05/2024;Educação;PROGRAMAÇÃO;MAPA INTERATIVO;https://gauchazh.clicrbs.com.br/educacao/noticia/2024/05/11-das-20-melhores-taxas-de-alfabetizacao-do-pais-sao-de-cidades-gauchas-confira-o-ranking-clwb2agp700ko01482ov5pa38.html;"11 das 20 melhores taxas de alfabetização do país são de cidades gaúchas; confira o ranking";;
22/05/2024;Porto Alegre;PROGRAMAÇÃO;INFOGRAFICO;https://gauchazh.clicrbs.com.br/porto-alegre/noticia/2024/05/o-que-diz-o-diretor-geral-do-dmae-sobre-bomba-flutuante-no-humaita-e-canos-para-atravessar-a-freeway-clwi8ieco00b2012wzsqsjd8j.html;O que diz o diretor-geral do Dmae sobre bomba flutuante no Humaitá e canos para atravessar a freeway;;
23/05/2024;Porto Alegre;PROGRAMAÇÃO;INFOGRAFICO;https://gauchazh.clicrbs.com.br/porto-alegre/noticia/2024/05/casa-de-bombas-do-parque-marinha-volta-a-funcionar-12-seguem-inativas-em-porto-alegre-clwjyjc6v003j012wet1hr5dj.html;"Casa de bombas do Parque Marinha volta a funcionar; 12 seguem inativas em Porto Alegre";;
31/05/2024;Esporte;PROGRAMAÇÃO;INFOGRAFICO;https://gauchazh.clicrbs.com.br/esportes/noticia/2024/05/infografico-o-caminho-que-borussia-dortmund-e-real-madrid-fizeram-ate-a-final-da-champions-league-clws9n5gr00qa01464ggrlvuc.html;INFOGRÁFICO: o caminho que Borussia Dortmund e Real Madrid fizeram até a final da Champions League;;
17/06/2024;Esporte;PROGRAMAÇÃO;QUIZ;https://gauchazh.clicrbs.com.br/esportes/noticia/2024/06/voce-sabe-quais-foram-os-campeoes-e-vices-de-todas-as-eurocopas-faca-o-teste-e-descubra-clxccjzok00m7014478mk0fiz.html;Você sabe quais foram os campeões e vices de todas as Eurocopas? Faça o teste e descubra;;
19/06/2024;Esporte;PROGRAMAÇÃO;SIMULADOR;https://gauchazh.clicrbs.com.br/esportes/gauchao/noticia/2024/02/escale-inter-e-gremio-nos-ultimos-10-gre-nais-que-decidiram-o-gauchao-clsxgubpw006d017y22zzvke9.html;Escale Inter e Grêmio nos últimos 10 Gre-Nais que decidiram o Gauchão;;
21/06/2024;Esporte;PROGRAMAÇÃO;QUIZ;https://gauchazh.clicrbs.com.br/esportes/noticia/2024/06/quiz-que-gre-nal-e-esse-clxnquh8x00gc013ymr4zv0dt.html;QUIZ: que Gre-Nal é esse?;;
21/06/2024;Esporte;PROGRAMAÇÃO;SIMULADOR;https://gauchazh.clicrbs.com.br/esportes/inter/noticia/2024/06/escale-o-time-do-inter-para-o-gre-nal-442-clxp3ernp01qy012eggvj0eh0.html;Escale o time do Inter para o Gre-Nal 442;;
21/06/2024;Esporte;PROGRAMAÇÃO;SIMULADOR;https://gauchazh.clicrbs.com.br/esportes/gremio/noticia/2024/06/escale-o-time-do-gremio-para-o-gre-nal-442-clxp2vf6800ub013yessgdwg1.html;Escale o time do Grêmio para o Gre-Nal 442;;
21/06/2024;Esporte;PROGRAMAÇÃO;SIMULADOR;https://gauchazh.clicrbs.com.br/esportes/noticia/2024/06/escale-a-selecao-brasileira-para-a-disputa-da-copa-america-clxn7b19a010e012eofrhhvhq.html;Escale a Seleção Brasileira para a disputa da Copa América;;
26/06/2024;Esporte;PROGRAMAÇÃO;MAPA INTERATIVO;https://gauchazh.clicrbs.com.br/esportes/olimpiada/noticia/2024/06/da-torre-eiffel-ao-taiti-veja-os-locais-de-competicoes-dos-jogos-olimpicos-de-paris-clxuu9ogv004l015mdn7xued3.html;Da Torre Eiffel ao Taiti: veja os locais de competições dos Jogos Olímpicos de Paris;;
26/06/2024;Esporte;PROGRAMAÇÃO;MAPA INTERATIVO;https://gauchazh.clicrbs.com.br/esportes/olimpiada/noticia/2024/06/rs-e-o-terceiro-estado-que-mais-rendeu-medalhas-ao-brasil-nas-olimpiadas-veja-grafico-clxui5gie00hz015mdb9zfifd.html;"RS é o terceiro Estado que mais rendeu medalhas ao Brasil nas Olimpíadas; veja gráfico";;
26/06/2024;Esporte;PROGRAMAÇÃO;INFOGRAFICO;https://gauchazh.clicrbs.com.br/esportes/olimpiada/noticia/2024/06/corrida-do-ouro-veja-os-paises-que-mais-acumulam-medalhas-douradas-ao-longo-de-todas-as-olimpiadas-clxukflde00j4015mar4nm7od.html;Corrida do ouro: veja os países que mais acumulam medalhas douradas ao longo de todas as Olimpíadas;;
26/06/2024;Cultura;PROGRAMAÇÃO;QUIZ;https://gauchazh.clicrbs.com.br/cultura-e-lazer/cinema/noticia/2024/06/qual-emocao-de-divertida-mente-2-voce-seria-faca-o-teste-e-descubra-clxtaxuja0062015mmkc0ys2q.html;"Qual emoção de ""Divertida Mente 2"" você seria? Faça o teste e descubra";;
08/07/2024;Saúde;PROGRAMAÇÃO;QUIZ;https://gauchazh.clicrbs.com.br/saude/noticia/2024/07/quiz-como-esta-a-sua-saude-diante-do-seu-momento-financeiro-clyda4u1g005y01616qrg9qga.html;Quiz: como está a sua saúde diante do seu momento financeiro?;;
08/07/2024;Saúde;PROGRAMAÇÃO;QUIZ;https://gauchazh.clicrbs.com.br/saude/noticia/2024/07/insonia-ansiedade-tristeza-e-vergonha-como-o-endividamento-impacta-na-saude-mental-do-brasileiro-clyd4rx0l003r0161qn4dd5zu.html;Insônia, ansiedade, tristeza e vergonha: como o endividamento impacta na saúde mental do brasileiro;;
09/07/2024;Esporte;PROGRAMAÇÃO;INFOGRAFICO;https://gauchazh.clicrbs.com.br/esportes/inter/noticia/2024/07/relembre-como-ficou-o-beira-rio-com-a-enchente-e-o-processo-de-recuperacao-clyei7y76002k015e1n3e22mn.html;Relembre como ficou o Beira-Rio com a enchente e o processo de recuperação;;
15/07/2024;Educação;PROGRAMAÇÃO;MAPA INTERATIVO;https://gauchazh.clicrbs.com.br/educacao/educacao-basica/noticia/2024/07/vinculo-com-a-comunidade-investimento-e-heranca-germanica-garantem-sucesso-de-westfalia-na-alfabetizacao-clync46h6000o011rb79uhc8u.html;Vínculo com a comunidade, investimento e herança germânica garantem sucesso de Westfália na alfabetização;;
15/07/2024;Esporte;PROGRAMAÇÃO;QUIZ;https://gauchazh.clicrbs.com.br/esportes/noticia/2024/07/quiz-o-que-voce-sabe-sobre-a-copa-do-mundo-de-1994-clyjcv3ga01rt015e914px164.html;QUIZ: o que você sabe sobre a Copa do Mundo de 1994?;;
24/07/2024;Esporte;PROGRAMAÇÃO;INFOGRAFICO;https://gauchazh.clicrbs.com.br/esportes/olimpiada/noticia/2024/07/de-maria-lenk-a-maioria-da-delegacao-a-historia-da-mulher-brasileira-nos-jogos-olimpicos-clyxiyiym00cs0162fdq3mrar.html;De Maria Lenk à maioria da delegação: a história da mulher brasileira nos Jogos Olímpicos;;
25/07/2024;Esporte;PROGRAMAÇÃO;QUIZ;https://gauchazh.clicrbs.com.br/esportes/olimpiada/noticia/2024/07/quiz-qual-medalha-voce-ganharia-nas-olimpiadas-clz0eu329001a0143j7vcvqiq.html;QUIZ: qual medalha você ganharia nas Olimpíadas?;;
26/07/2024;Esporte;PROGRAMAÇÃO;QUIZ;https://gauchazh.clicrbs.com.br/esportes/olimpiada/noticia/2024/07/quiz-quem-sou-eu-nas-olimpiadas-clyyw3jyz008r0143h7anjggn.html;QUIZ: quem sou eu nas Olimpíadas?;;
06/09/2024;Esporte;PROGRAMAÇÃO;INFOGRAFICO;https://gauchazh.clicrbs.com.br/esportes/olimpiada/noticia/2024/09/as-diferencas-entre-as-medalhas-das-olimpiadas-e-paralimpiadas-cm0qzyrj100pl015bkb33a0wl.html;As diferenças entre as medalhas das Olimpíadas e Paralimpíadas;;
09/09/2024;Porto Alegre;PROGRAMAÇÃO;QUIZ;https://gauchazh.clicrbs.com.br/geral/semana-farroupilha/noticia/2024/09/quiz-teste-seus-conhecimentos-sobre-a-revolucao-farroupilha-cm0vpw3ca00cg0151s6yzlxhd.html;QUIZ: teste seus conhecimentos sobre a Revolução Farroupilha;;
12/09/2024;Ambiente;PROGRAMAÇÃO;MAPA INTERATIVO;https://gauchazh.clicrbs.com.br/ambiente/noticia/2024/09/mais-quente-e-umido-estudo-projeta-o-impacto-do-aquecimento-global-no-clima-do-rs-cm0n6abwh0098015bzjyi2p73.html;Mais quente e úmido: estudo projeta o impacto do aquecimento global no clima do RS;;
12/09/2024;Comportamento;PROGRAMAÇÃO;INFOGRAFICO;https://gauchazh.clicrbs.com.br/ambiente/noticia/2024/09/confira-como-esta-a-qualidade-do-ar-nas-capitais-brasileiras-cm0zmf7tr00ru0151n8qx4g1i.html;Confira como está a qualidade do ar nas capitais brasileiras;;
18/09/2024;Porto Alegre;PROGRAMAÇÃO;QUIZ;https://gauchazh.clicrbs.com.br/politica/eleicoes/noticia/2024/09/eleicoes-2024-qual-candidato-a-prefeito-de-porto-alegre-tem-mais-a-ver-com-voce-faca-o-teste-cm16xmrnq00sy0133lqrp1aet.html;Eleições 2024: qual candidato a prefeito de Porto Alegre tem mais a ver com você? Faça o teste;;
19/09/2024;Comportamento;PROGRAMAÇÃO;CALCULADORA;https://gauchazh.clicrbs.com.br/geral/semana-farroupilha/noticia/2024/09/calculadora-de-churrasco-saiba-quanta-carne-comprar-cm19o8hmo00m70133i4e1vr99.html;Calculadora de churrasco: saiba quanta carne comprar;;
07/10/2024;Eleições;PROGRAMAÇÃO;MAPA INTERATIVO;https://gauchazh.clicrbs.com.br/politica/eleicoes/noticia/2024/10/em-mapa-veja-o-resultado-da-eleicao-para-prefeitura-nos-497-municipios-do-rs-cm1z6d7yy0037013zf6sd5gve.html;Em mapa, veja o resultado da eleição para prefeitura nos 497 municípios do RS;;
09/10/2024;Eleições;PROGRAMAÇÃO;QUIZ;https://gauchazh.clicrbs.com.br/politica/eleicoes/noticia/2024/10/eleicoes-2024-qual-candidato-no-2o-turno-em-porto-alegre-tem-mais-a-ver-com-voce-faca-o-teste-cm22kw9r2005n013ywleg0q1s.html;Eleições 2024: qual candidato no 2º turno em Porto Alegre tem mais a ver com você? Faça o teste;;
11/10/2024;Esporte;PROGRAMAÇÃO;QUIZ;https://gauchazh.clicrbs.com.br/esportes/noticia/2024/10/que-jogador-da-dupla-gre-nal-e-esse-cm24zsfdz01g90106vicoa990.html;Que jogador da dupla Gre-Nal é esse?;;
15/10/2024;Esporte;PROGRAMAÇÃO;SIMULADOR;https://gauchazh.clicrbs.com.br/esportes/brasileirao/noticia/2024/10/peleia-gre-nal-divirta-se-com-o-card-game-do-classico-cm29ejvh2005e013hqlur3lih.html;Peleia Gre-Nal: divirta-se com o card game do clássico;;
16/10/2024;Esporte;PROGRAMAÇÃO;SIMULADOR;https://gauchazh.clicrbs.com.br/esportes/gremio/noticia/2024/10/escale-o-time-do-gremio-para-o-gre-nal-443-cm29dx9py0050013hkb8zgiud.html;Escale o time do Grêmio para o Gre-Nal 443;;
16/10/2024;Esporte;PROGRAMAÇÃO;SIMULADOR;https://gauchazh.clicrbs.com.br/esportes/inter/noticia/2024/10/escale-o-time-do-inter-para-o-gre-nal-443-cm29fsb8900660142z9vdinfo.html;Escale o time do Inter para o Gre-Nal 443;;
17/10/2024;Esporte;PROGRAMAÇÃO;QUIZ;https://gauchazh.clicrbs.com.br/esportes/noticia/2024/10/quem-e-este-tecnico-que-treinou-gremio-e-inter-cm2c82izo007o014uutengeqt.html;Quem é este técnico que treinou Grêmio e Inter?;;
27/10/2024;Eleições;PROGRAMAÇÃO;MAPA INTERATIVO;https://gauchazh.clicrbs.com.br/politica/eleicoes/noticia/2024/10/apos-segundo-turno-veja-em-mapa-os-eleitos-nos-497-municipios-do-rs-cm2sank6j00ds013ehxeez8d2.html;Após segundo turno, veja em mapa os eleitos nos 497 municípios do RS;;
29/10/2024;Eleições;PROGRAMAÇÃO;MAPA INTERATIVO;https://gauchazh.clicrbs.com.br/politica/eleicoes/noticia/2024/10/em-mapa-confira-como-foi-o-desempenho-de-maria-do-rosario-e-sebastiao-melo-nos-342-locais-de-votacao-no-segundo-turno-cm2udef9q000l012adt3vfok3.html;Em mapa, confira como foi o desempenho de Maria do Rosário e Sebastião Melo nos 342 locais de votação no segundo turno;;
31/10/2024;Cultura;PROGRAMAÇÃO;QUIZ;https://gauchazh.clicrbs.com.br/cultura-e-lazer/cinema/noticia/2024/10/qual-o-grande-filme-de-terror-do-ano-em-que-voce-nasceu-faca-o-teste-cm2xevq8q00ac01b9r0dqwf6b.html;Qual o grande filme de terror do ano em que você nasceu? Faça o teste;;
07/11/2024;Ticiano Osório;PROGRAMAÇÃO;QUIZ;https://gauchazh.clicrbs.com.br/colunistas/ticiano-osorio/noticia/2024/11/sabe-tudo-de-brasil-no-oscar-faz-o-teste-cm3796fb200wf013kbpnim1o1.html;Sabe tudo de Brasil no Oscar? Faz o teste;;
08/11/2024;Isabel Marchezan;PROGRAMAÇÃO;QUIZ;https://gauchazh.clicrbs.com.br/colunistas/isabel-marchezan/noticia/2024/11/quem-e-voce-no-tinder-cm38uvh8l000601cfhqqfguv5.html;Quem é você no Tinder?;;
22/11/2024;Esporte;PROGRAMAÇÃO;QUIZ;https://gauchazh.clicrbs.com.br/esportes/noticia/2024/11/quiz-com-qual-tecnico-que-ja-comandou-gremio-ou-inter-voce-mais-se-identifica-cm3rs5enp00g1013np6cxvx1r.html;QUIZ: com qual técnico que já comandou Grêmio ou Inter você mais se identifica?;;
22/11/2024;Esporte;PROGRAMAÇÃO;QUIZ;https://gauchazh.clicrbs.com.br/esportes/inter/noticia/2024/11/quiz-voce-sabe-tudo-sobre-a-historia-do-inter-na-libertadores-cm3szkjrs00mz014fxx661tzh.html;QUIZ: você sabe tudo sobre a história do Inter na Libertadores?;;
22/11/2024;Educação;PROGRAMAÇÃO;BUSCADOR;https://gauchazh.clicrbs.com.br/educacao/vestibular/noticia/2024/11/confira-o-historico-de-candidatos-por-vaga-no-vestibular-da-ufrgs-cm3sztua600n0014f4ib7wcob.html;Confira o histórico de candidatos por vaga no vestibular da UFRGS;;
25/11/2024;Esporte;PROGRAMAÇÃO;QUIZ;https://gauchazh.clicrbs.com.br/esportes/noticia/2024/11/voce-sabe-quais-clubes-brasileiros-chegaram-a-final-da-libertadores-em-cada-ano-faca-o-teste-cm3x8p6zx002w013bkktuw3i6.html;Você sabe quais clubes brasileiros chegaram à final da Libertadores em cada ano? Faça o teste!;;
26/11/2024;Esporte;PROGRAMAÇÃO;SIMULADOR;https://gauchazh.clicrbs.com.br/esportes/gremio/noticia/2024/11/como-voce-escalaria-o-gremio-de-todos-os-tempos-so-com-estrangeiros-monte-seu-time-cm3yn7uql00ec011jm2iihzpi.html;Como você escalaria o Grêmio de todos os tempos só com estrangeiros? Monte seu time!;;
26/11/2024;Esporte;PROGRAMAÇÃO;SIMULADOR;https://gauchazh.clicrbs.com.br/esportes/inter/noticia/2024/11/como-voce-escalaria-o-inter-de-todos-os-tempos-so-com-estrangeiros-monte-seu-time-cm3ynblj200ed013bhc49jblp.html;Como você escalaria o Inter de todos os tempos só com estrangeiros? Monte seu time!;;
06/12/2024;Geral;PROGRAMAÇÃO;CALCULADORA;https://gauchazh.clicrbs.com.br/geral/noticia/2024/12/calculadora-simula-valores-para-pagamento-do-ipva-2025-cm4ci90on016u015q5mmdc9ta.html;Calculadora simula valores para pagamento do IPVA 2025;;
06/12/2024;Política;PROGRAMAÇÃO;INFOGRAFICO;https://gauchazh.clicrbs.com.br/politica/noticia/2024/12/do-resultado-das-eleicoes-2022-ate-o-indiciamento-de-bolsonaro-a-cronologia-da-tentativa-de-golpe-cm3yefn9700bu011j0bbv3iki.html;"Do resultado das eleições 2022 até o indiciamento de Bolsonaro; a cronologia da tentativa de golpe";;
09/12/2024;Esporte;PROGRAMAÇÃO;QUIZ;https://gauchazh.clicrbs.com.br/esportes/gremio/noticia/2024/12/quiz-a-trajetoria-de-geromel-no-gremio-teste-seus-conhecimentos-cm4byxec500u3015bjetlkher.html;"QUIZ: a trajetória de Geromel no Grêmio; teste seus conhecimentos";;
11/12/2024;Geral;PROGRAMAÇÃO;CALCULADORA;https://gauchazh.clicrbs.com.br/geral/noticia/2024/12/pagamento-do-ipva-2025-comeca-hoje-veja-tudo-o-que-voce-precisa-saber-cm4ip146z00di0126y2j0st5w.html;Pagamento do IPVA 2025 começa hoje: veja tudo o que você precisa saber;;
11/12/2024;Porto Alegre;PROGRAMAÇÃO;CALCULADORA;https://gauchazh.clicrbs.com.br/porto-alegre/noticia/2024/12/calculadora-simula-iptu-2025-de-porto-alegre-cm4jwdrvh00n00126voxzmeym.html;Calculadora simula IPTU 2025 de Porto Alegre;;
12/12/2024;Comportamento;PROGRAMAÇÃO;QUIZ;https://gauchazh.clicrbs.com.br/comportamento/noticia/2024/12/como-sera-o-seu-2025-faca-o-teste-e-descubra-cm4llow70010u013nowdv3fia.html;Como será o seu 2025? Faça o teste e descubra;;
17/12/2024;Esporte;PROGRAMAÇÃO;QUIZ;https://gauchazh.clicrbs.com.br/esportes/noticia/2024/12/quiz-por-onde-andam-jogadores-considerados-promessas-da-dupla-gre-nal-cm4siwibo00d00128crd08eao.html;QUIZ: por onde andam jogadores considerados promessas da dupla Gre-Nal?;;
20/12/2024;Esporte;PROGRAMAÇÃO;QUIZ;https://gauchazh.clicrbs.com.br/esportes/noticia/2024/12/quiz-por-onde-andam-os-protagonistas-do-gre-nal-que-decidiu-a-copinha-de-2020-cm4ukbwwy00xj011u778uqhnj.html;QUIZ: por onde andam os protagonistas do Gre-Nal que decidiu a Copinha de 2020?;;
23/12/2024;Esporte;PROGRAMAÇÃO;QUIZ;https://gauchazh.clicrbs.com.br/esportes/inter/noticia/2024/12/quiz-o-que-voce-sabe-sobre-o-tricampeonato-brasileiro-invicto-do-inter-em-1979-cm4w3ueed01c5011uqpoxbp10.html;QUIZ: o que você sabe sobre o tricampeonato brasileiro invicto do Inter em 1979?;;
31/12/2024;Economia;PROGRAMAÇÃO;CALCULADORA;https://gauchazh.clicrbs.com.br/economia/noticia/2024/12/regras-da-previdencia-mudam-em-2025-calcule-quanto-tempo-falta-para-voce-se-aposentar-cm51d1v8q0059012xmhmfqh3r.html;"Regras da Previdência mudam em 2025; calcule quanto tempo falta para você se aposentar";;
03/01/2025;Esporte;PROGRAMAÇÃO;QUIZ;https://gauchazh.clicrbs.com.br/esportes/gremio/noticia/2025/01/quiz-voce-lembra-das-contratacoes-do-gremio-nos-ultimos-15-anos-cm5bp7isf00ae017i9rkqg9y7.html;QUIZ: você lembra das contratações do Grêmio nos últimos 15 anos?;;
03/01/2025;Esporte;PROGRAMAÇÃO;QUIZ;https://gauchazh.clicrbs.com.br/esportes/inter/noticia/2025/01/quiz-voce-lembra-das-contratacoes-do-inter-nos-ultimos-15-anos-cm5gtvick00nf01jj2t83v3ue.html;QUIZ: você lembra das contratações do Inter nos últimos 15 anos?;;
13/01/2025;Educação;PROGRAMAÇÃO;SIMULADOR;https://gauchazh.clicrbs.com.br/educacao/enem/noticia/2025/01/simulador-do-sisu-veja-quais-as-suas-chances-de-entrar-na-universidade-cm5prsy9700mw0195woxhev7r.html;Simulador do Sisu: veja quais as suas chances de entrar na universidade;;
15/01/2025;Passo Fundo;PROGRAMAÇÃO;QUIZ;https://gauchazh.clicrbs.com.br/passo-fundo/geral/noticia/2025/01/qual-bairro-de-passo-fundo-e-o-ideal-para-voce-faca-o-teste-cm5h4g7z201g3017i1g6eelke.html;Qual bairro de Passo Fundo é o ideal para você? Faça o teste;;
24/01/2025;Economia;PROGRAMAÇÃO;CALCULADORA;https://gauchazh.clicrbs.com.br/economia/noticia/2025/01/controle-de-gastos-evita-endividamento-confira-planejador-que-preve-como-ficarao-suas-financas-neste-ano-cm55o6niz003i019lk7t4ltuh.html;"Controle de gastos evita endividamento; confira planejador que prevê como ficarão suas finanças neste ano";;
05/02/2025;Esporte;PROGRAMAÇÃO;QUIZ;https://gauchazh.clicrbs.com.br/esportes/gauchao/noticia/2025/02/quiz-o-que-voce-sabe-sobre-os-gre-nais-do-gauchao-teste-seu-conhecimento-cm6qvpki60021017knc0r6lea.html;QUIZ: O que você sabe sobre os Gre-Nais do Gauchão? Teste seu conhecimento;;
07/02/2025;Esporte;PROGRAMAÇÃO;SIMULADOR;https://gauchazh.clicrbs.com.br/esportes/gremio/noticia/2025/02/escale-o-time-do-gremio-para-o-gre-nal-444-cm6tvqlzm00aa018xfildphol.html;Escale o time do Grêmio para o Gre-Nal 444;;
07/02/2025;Esporte;PROGRAMAÇÃO;SIMULADOR;https://gauchazh.clicrbs.com.br/esportes/inter/noticia/2025/02/escale-o-time-do-inter-para-o-gre-nal-444-cm6tvj9kj009w0178dwfc6z9c.html;Escale o time do Inter para o Gre-Nal 444;;
17/02/2025;Comportamento;PROGRAMAÇÃO;QUIZ;https://gauchazh.clicrbs.com.br/comportamento/verao/noticia/2025/02/praia-no-rs-vai-alem-do-chocolatao-e-do-nordestao-teste-seu-conhecimento-sobre-o-litoral-gaucho-cm791156n001n013cuhx88vf7.html;Praia no RS vai além do chocolatão e do nordestão! Teste seu conhecimento sobre o litoral gaúcho;;
17/02/2025;Esporte;PROGRAMAÇÃO;QUIZ;https://gauchazh.clicrbs.com.br/esportes/libertadores/noticia/2025/02/quiz-voce-sabe-tudo-sobre-a-historia-do-corinthians-na-libertadores-cm784y0ei018u015alu5ns6ug.html;QUIZ: você sabe tudo sobre a história do Corinthians na Libertadores?;;
28/02/2025;Comportamento;PROGRAMAÇÃO;QUIZ;https://gauchazh.clicrbs.com.br/cultura-e-lazer/musica/noticia/2025/02/quiz-o-que-voce-sabe-sobre-o-axe-music-cm7p0dy2v01pr013zzbwxwcw9.html;QUIZ: o que você sabe sobre o axé music?;;
10/03/2025;Esporte;PROGRAMAÇÃO;INFOGRAFICO;https://gauchazh.clicrbs.com.br/esportes/automobilismo/noticia/2025/01/calendario-da-f1-para-2025-datas-cidades-e-tudo-sobre-cada-gp-da-temporada-cm5lfnijl009s01956on90rp3.html;Calendário da F1 para 2025: datas, cidades e tudo sobre cada GP da temporada;;
07/03/2025;Esporte;PROGRAMAÇÃO;SIMULADOR;https://gauchazh.clicrbs.com.br/esportes/gremio/noticia/2025/03/escale-o-time-do-gremio-para-o-gre-nal-445-cm7y4l73n00st016eayzqu754.html;Escale o time do Grêmio para o Gre-Nal 445;;
07/03/2025;Esporte;PROGRAMAÇÃO;SIMULADOR;https://gauchazh.clicrbs.com.br/esportes/inter/noticia/2025/03/escale-o-time-do-inter-para-o-gre-nal-445-cm7y4j9xa00sp011daydwsz99.html;Escale o time do Inter para o Gre-Nal 445;;
15/03/2025;Esporte;PROGRAMAÇÃO;SIMULADOR;https://gauchazh.clicrbs.com.br/esportes/inter/noticia/2025/03/escale-o-time-do-inter-para-o-gre-nal-446-cm883oq4e01bf0151wh5xpy9v.html#:~:text=Colorado%20e%20Tricolor%20se%20enfrentam,fosse%20Roger%20Machado%2C%20quem%20jogaria%3F&text=O%20Gre%2DNal%20446%2C%20que,op%C3%A7%C3%B5es%20para%20montar%20a%20equipe.;Escale o time do Inter para o Gre-Nal 446;;
15/03/2025;Esporte;PROGRAMAÇÃO;SIMULADOR;https://gauchazh.clicrbs.com.br/esportes/gremio/noticia/2025/03/escale-o-time-do-gremio-para-o-gre-nal-446-cm883rnnn01bf014l770lip1i.html#:~:text=Tricolor%20e%20Colorado%20se%20enfrentam,fosse%20Gustavo%20Quinteros%2C%20quem%20jogaria%3F&text=O%20Gre%2DNal%20446%2C%20que,16h%2C%20no%20Beira%2DRio.;Escale o time do Grêmio para o Gre-Nal 446;;
21/03/2025;Ambiente;PROGRAMAÇÃO;QUIZ;https://gauchazh.clicrbs.com.br/ambiente/noticia/2025/03/dia-mundial-da-agua-o-quanto-voce-sabe-sobre-o-recurso-hidrico-teste-seus-conhecimentos-e-descubra-curiosidades-cm8j3u47s009m0144dqx7hmqn.html;QUIZ: o quanto você sabe sobre a água? Teste seus conhecimentos e descubra curiosidades;;
21/03/2025;Ambiente;PROGRAMAÇÃO;MAPA INTERATIVO;https://gauchazh.clicrbs.com.br/ambiente/noticia/2025/03/rs-teve-226-temperaturas-na-casa-dos-40oc-desde-1961-veja-onde-e-quando-ocorreram-cm8iw1ve1003q0144rijm1z5c.html;"RS teve 226 temperaturas na casa dos 40ºC desde 1961; veja onde e quando ocorreram";;
26/03/2025;Clube do Assinante;PROGRAMAÇÃO;QUIZ;https://gauchazh.clicrbs.com.br/clube-do-assinante/noticia/2025/03/quiz-no-aniversario-de-porto-alegre-descubra-qual-restaurante-e-o-ideal-pra-ti-cm8q1qqom003q011i0esvnydz.html;QUIZ: no aniversário de Porto Alegre, descubra qual restaurante é o ideal pra ti;;
30/03/2025;Comportamento;PROGRAMAÇÃO;CALCULADORA;https://gauchazh.clicrbs.com.br/comportamento/carros/noticia/2025/03/carro-eletrico-vale-a-pena-calcule-economia-e-compare-com-outros-veiculos-cm8rotruq00ox013cmvh6i1db.html;Carro elétrico vale a pena? Calcule economia e compare com outros veículos;;
31/03/2025;Esporte;PROGRAMAÇÃO;QUIZ;https://gauchazh.clicrbs.com.br/esportes/libertadores/noticia/2025/03/quiz-voce-sabe-tudo-sobre-a-historia-do-flamengo-na-libertadores-cm8gbqol200kt01442k9wh8hb.html;QUIZ: você sabe tudo sobre a história do Flamengo na Libertadores?;;
31/03/2025;Cultura;PROGRAMAÇÃO;QUIZ;https://gauchazh.clicrbs.com.br/cultura-e-lazer/tv/noticia/2025/03/quem-matou-odete-roitman-teste-seus-conhecimentos-sobre-vale-tudo-cm8x2cyke001m016xxf2yuypk.html;"Quem matou Odete Roitman? Teste seus conhecimentos sobre ""Vale Tudo""";;
04/04/2025;Saude;PROGRAMAÇÃO;MAPA INTERATIVO;https://gauchazh.clicrbs.com.br/saude/noticia/2025/04/pneumonia-e-a-principal-causa-de-internacoes-nos-meses-mais-frios-no-rs-veja-mapa-com-dados-por-regiao-cm91indvl005l015yifo558dz.html;"Pneumonia é a principal causa de internações nos meses mais frios no RS; veja mapa com dados por região";;
09/04/2025;Economia;PROGRAMAÇÃO;CALCULADORA;https://gauchazh.clicrbs.com.br/economia/noticia/2025/04/emprestimo-consignado-clt-saiba-como-funciona-e-como-solicitar-cm9a2xo6q00fj013d2qvbsy4b.html;Empréstimo consignado CLT: saiba como funciona e como solicitar;;
10/04/2025;Economia;PROGRAMAÇÃO;CALCULADORA;https://gauchazh.clicrbs.com.br/economia/noticia/2025/04/como-fica-o-salario-com-o-consignado-clt-calculadora-ajuda-a-simular-valores-do-emprestimo-cm9actgmy00o2013d5fyytzif.html;Como fica o salário? Faça a simulação do empréstimo consignado CLT;;
17/04/2025;Esporte;PROGRAMAÇÃO;INFOGRAFICO;https://gauchazh.clicrbs.com.br/esportes/noticia/2025/04/cotacao-gre-nal-confira-as-notas-de-gremio-e-inter-nos-ultimos-30-classicos-cm9laa14l000g01kt4xsfhmv4.html;Cotação Gre-Nal: confira as notas de Grêmio e Inter nos últimos 30 clássicos;;
18/04/2025;Esporte;PROGRAMAÇÃO;SIMULADOR;https://gauchazh.clicrbs.com.br/esportes/gremio/noticia/2025/04/escale-o-time-do-gremio-para-o-gre-nal-447-cm9m2iq3001ig0150v7de4rvi.html;Escale o time do Grêmio para o Gre-Nal 447;;
18/04/2025;Esporte;PROGRAMAÇÃO;SIMULADOR;https://gauchazh.clicrbs.com.br/esportes/inter/noticia/2025/04/escale-o-time-do-inter-para-o-gre-nal-447-cm9m2em8001if0150v62f8o9b.html;Escale o time do Inter para o Gre-Nal 447;;
20/04/2025;Economia;PROGRAMAÇÃO;CALCULADORA;https://gauchazh.clicrbs.com.br/economia/noticia/2025/05/consignado-clt-portabilidade-entre-bancos-esta-disponivel-veja-como-solicitar-cmawkbb2y008y011gypnpfv1g.html;"Consignado CLT: portabilidade entre bancos está disponível; veja como solicitar";;
25/04/2025;Economia;PROGRAMAÇÃO;CALCULADORA;https://gauchazh.clicrbs.com.br/economia/noticia/2025/04/emprestimo-consignado-clt-pode-ser-solicitado-pelo-aplicativo-dos-bancos-a-partir-de-hoje-veja-passo-a-passo-cm9vggiki00z5014d8vt2pehf.html;"Empréstimo Consignado CLT pode ser solicitado pelo aplicativo dos bancos a partir de hoje; veja passo a passo";;
25/04/2025;Economia;PROGRAMAÇÃO;CALCULADORA;https://gauchazh.clicrbs.com.br/economia/noticia/2025/04/consignado-clt-quando-sera-possivel-fazer-a-transferencia-de-um-emprestimo-para-outro-banco-cm9vk0oga012q014dgmu4t6np.html;Consignado CLT: quando será possível fazer a transferência de um empréstimo para outro banco?;;
25/04/2025;Cultura;PROGRAMAÇÃO;QUIZ;https://gauchazh.clicrbs.com.br/cultura-e-lazer/tv/noticia/2025/04/quao-noveleiro-voce-e-teste-seus-conhecimentos-e-descubra-cm9wyr75g000e013kqjf2zrdh.html;Você é mesmo noveleiro? Faça o teste e descubra;;
29/04/2025;Saude;PROGRAMAÇÃO;CALCULADORA;https://gauchazh.clicrbs.com.br/saude/noticia/2025/04/calcule-o-risco-de-desenvolver-diabetes-e-quais-cuidados-para-evitar-a-doenca-cma2wgf7l00ru0163lsito042.html;Calcule o risco de desenvolver diabetes e quais cuidados para evitar a doença;;
06/05/2025;Comportamento;PROGRAMAÇÃO;QUIZ;https://gauchazh.clicrbs.com.br/comportamento/noticia/2025/05/o-quanto-voce-sabe-sobre-o-conclave-que-ira-eleger-o-novo-papa-faca-o-quiz-e-teste-seus-conhecimentos-cma78dejx02360163xm8cwwjn.html;O quanto você sabe sobre o conclave que irá eleger o novo papa? Faça o quiz e teste seus conhecimentos;;
13/05/2025;Pioneiro;PROGRAMAÇÃO;QUIZ;https://gauchazh.clicrbs.com.br/pioneiro/geral/noticia/2025/05/que-tipo-de-descendente-de-italiano-voce-e-faca-o-teste-e-descubra-cmaljznz6001l012zja08wie7.html;Que tipo de descendente de italiano você é? Faça o teste e descubra;;
20/05/2025;Economia;PROGRAMAÇÃO;SIMULADOR;https://gauchazh.clicrbs.com.br/economia/noticia/2025/05/poupanca-cdb-ou-tesouro-selic-qual-investimento-escolher-e-como-comecar-simule-os-rendimentos-cmawlsij4009y011gg8x9y32u.html;Poupança, CDB ou Tesouro Selic: qual investimento escolher e como começar? Simule os rendimentos;;
20/05/2025;Economia;PROGRAMAÇÃO;SIMULADOR;https://gauchazh.clicrbs.com.br/economia/noticia/2025/05/glossario-do-investidor-entenda-as-principais-siglas-e-termos-do-mercado-financeiro-cmawz96pa004b01dz21n96mrk.html;Glossário do investidor: entenda as principais siglas e termos do mercado financeiro;;
23/05/2025;Cultura;PROGRAMAÇÃO;QUIZ;https://gauchazh.clicrbs.com.br/cultura-e-lazer/noticia/2025/05/qual-e-o-seu-nivel-de-nerdice-faca-o-teste-e-descubra-cmaye0ikp0136011gw8rqabt3.html;Qual é o seu nível de nerdice? Faça o teste e descubra;;
29/05/2025;Saude;PROGRAMAÇÃO;INFOGRAFICO;https://gauchazh.clicrbs.com.br/saude/noticia/2025/05/como-diferenciar-gripe-resfriado-dengue-e-covid-veja-sintomas-e-onde-buscar-ajuda-cmb9eo39k008i01chdl26uiug.html;Como diferenciar gripe, resfriado, dengue e covid? Veja sintomas e onde buscar ajuda;;
